g5,17799,g5
s7,12091,s7
g6,7272,g6
lg,5613,
사용,5538,
생각,4967,
배터리,4876,
카메라,4235,
아니,4050,
삼성,3960,
갤럭시,3702,
모듈,3473,
구매,3461,
가격,3198,
갤럭시s7,3182,갤럭시s7
지금,3172,
오늘,2767,
사진,2731,
아이폰,2658,아이폰
다르,2619,
기변,2590,
고민,2579,
요금,2549,
디자인,2530,
문제,2525,
이번,2419,
정도,2380,
엘지,2324,
갤7,2309,갤7
개통,2295,
선택,2266,
괜찮,2258,
화면,2168,
기기,2158,
가능,2140,
출시,2094,
액정,1983,
케이스,1980,
근데,1880,
제품,1874,
kt,1854,
아직,1806,
s7엣지,1744,s7엣지
다시,1708,
구입,1682,
진짜,1679,
스마트폰,1676,
할인,1655,
이거,1646,
느낌,1643,
현재,1543,
핸드폰,1542,
vs,1505,
갤s7,1503,갤s7
비교,1500,
안되,1474,
기능,1439,
일단,1418,
v20,1404,v20
http,1403,
sk,1396,
질문,1392,
부분,1388,
차이,1376,
v10,1370,v10
조건,1365,
성능,1363,
유격,1356,
추천,1354,
공시,1345,
이상,1337,
g4,1336,g4
이제,1314,
바꾸,1304,
궁금,1278,
인터넷,1276,
ㅎㅎ,1245,
부탁,1240,
기다,1215,
충전,1214,
약정,1210,
게임,1207,
노트5,1206,노트5
어제,1205,
필름,1194,
휴대폰,1193,
사람,1153,
보고,1146,
확인,1140,
s6,1139,s6
경우,1110,
이어폰,1099,
신청,1088,
com,1084,
할부,1083,
못하,1081,
번이,1064,
원래,1063,
요즘,1054,
하네,1051,
만족,1034,
이벤트,1028,
얼마,1008,
전화,984,
불량,978,
대리점,972,
지원,957,
이유,951,
ㅋㅋㅋㅋㅋ,946,
보이,932,
추가,931,
출고가,931,
사실,925,
정보,924,
기대,922,
하이파이,919,
엄청,916,
블랙,914,
기존,912,
후기,911,
광각,911,
하나,910,
비슷,903,
기본,897,
확실,892,
뽐뿌,884,
필요,882,
모델,874,
통신사,870,
교체,862,
유심,860,
싸게,860,
밝기,858,
skt,856,
참고,855,
발열,847,
이건,839,
실버,837,
방수,833,
이쁘,825,
ap,824,
색상,820,
예약,804,
소리,803,
무선,796,
아보,796,
마음,796,
처음,795,
ㅎㅇ,791,
어플,790,
비싸,785,
g2,783,g2
이정,781,
개인적,769,
교품,769,
동영상,759,
음질,756,
번호,751,
중고,747,
후면,746,
디스플레이,742,
상태,740,
기준,740,
시간,739,
불편,735,
플랫,727,
방법,725,
다들,725,
ㅅㄷㄹ,723,
카드,722,
뭔가,721,
역시,721,
내일,717,
g3,716,g3
위약금,711,
그러,708,
ㅋㅋㅋ,707,
밴드,691,
이동,689,
터치,686,
사은품,684,
핑크,680,
저렴,680,
지문,676,
신도림,676,
오래,676,
현아,676,
아쉽,671,
전면,666,
노트,649,
가입,649,
빠르,648,
안녕,643,
제일,639,
센터,638,
the,637,
s8,635,s8
일체형,633,
나올,632,
크기,628,
dc,626,
애플,625,
어가,625,
유지,624,
연결,621,
그르,620,
왜곡,618,
한달,615,
검색,609,
실제,607,
골드,604,
나와,603,
아무,602,
스펙,601,
설정,601,
상황,600,
영상,600,
강화,600,
정책,597,
이후,595,
답변,591,
no,591,
적용,584,
ㅅㅋㄱㅂ,583,
테스트,579,
하시,577,
데이터,577,
최신,576,
장점,576,
단점,576,
판매,571,
스크,571,
예전,568,
ㅍㅇㅂ,567,
게시물,566,
수준,565,
현금,563,
자체,563,
문의,562,
사려,557,
일반,556,
솔직,554,
아래,543,
메탈,540,
있을까,538,
어보,537,
데이트,536,
아주,535,
탑재,535,
완전,534,
걱정,533,
다음,533,
저도,531,
매장,525,
변경,521,
시작,519,
https,518,
어느정도,517,
vr,513,
음악,513,
이용,511,
사서,510,
국내,510,
관련,507,
phone,506,
해도,506,
해주,503,
official,501,
사면,499,
촬영,499,
판매량,494,
ㅋㅌㅂㅇ,492,
하니,492,
안하,491,
usb,489,
친구,489,
아이폰6s,489,아이폰6s
동일,488,
편하,487,
사용자,485,
ㅅㅋㅂㅇ,485,
똑같,483,
그나,482,
속도,482,
하이마트,478,
6s,476,6s
회사,476,
단차,475,
안드로이드,474,
동네,473,
별로,473,
사야,470,
선약,469,
예정,468,
사고,466,
얘기,466,
거기,463,
a7,462,a7
상당,462,
교환,460,
이미,458,
몰레,458,
공기계,457,
lte,455,
이전,453,
어쩌,453,
ㄱㅂ,453,
서비스센터,452,
리뷰,451,
스피커,451,
소비자,450,
발생,449,
어차,447,
쿠폰,445,
카톡,444,
전원,444,
하려,444,
계신,443,
화질,442,
보여,441,
감사,441,
버튼,439,
살짝,439,
커버,438,
공개,438,
현상,437,
최고,435,
naver,435,
예상,434,
비해,433,
시리즈,431,
통화,431,
할원,431,
광고,430,
안나,429,
자동,428,
까지,425,
어떤가,419,
하루,419,
지나,417,
신경,417,
좌표,416,
부팅,414,
엣지,414,엣지
여기,414,
유저,412,
전부,410,
갤럭키,409,갤럭키
용량,408,
당연,404,
충전기,404,
기계,403,
어떤,403,
강변,402,
삼성전자,399,
이라,399,
관심,399,
등등,398,
보통,396,
대부분,396,
as,395,
아이폰6,394,아이폰6
갤럭시s7엣지,391,갤럭시s7엣지
dac,391,
내용,390,
보호,387,
서비스,386,
최근,386,
결과,386,
이야기,386,
화이트,383,
충분,382,
빛샘,379,
실물,379,
심하,377,
매우,377,
가성비,376,
하면,375,
도움,375,
어렵,373,
방문,371,
어머니,370,
ㅋㅋㅋㅋ,370,
해결,370,
한번,368,
상관,368,
edge,367,edge
안보,367,
구글,366,
고객,365,
이해,365,
이걸,364,
진행,364,
자기,364,
댓글,363,
설치,361,
노트4,360,노트4
제공,358,
주말,358,
홈버튼,356,
이러,356,
대해,356,
누르,355,
한데,354,
마지막,353,
유플러스,352,
무조건,352,
사기,351,
금액,351,
무한,350,
문자,349,
기종,349,
플래그쉽,345,
결정,344,
새롭,344,
나중,344,
최대,344,
sd,344,
주문,344,
주고,343,
달라,343,
할부금,343,
쓰시,342,
적당,342,
듀얼,340,
배송,340,
정확,339,
스냅,338,
만약,338,
그립감,337,
아이폰7,337,아이폰7
co,336,
32g,335,
ㄷㄷ,335,
잘나,335,
병신,334,
대충,334,
단통법,334,
호갱,333,
포인트,333,
cpu,333,
택배,333,
중요,331,
단말기,330,
시장,330,
포함,330,
직원,330,
갤8,330,갤8
와이파이,329,
많은,328,
고속,328,
번인,328,
블루투스,327,
자꾸,327,
캠플러스,327,
방식,324,
증상,323,
하단,321,
nhn,321,
소프트웨어,320,
mode,320,
이미지,319,
교품증,317,
59요금제,316,
나쁘,316,
kr,316,
부가,314,
설탕,314,
설명,314,
네이버,314,
부족,312,
계산,312,
시발,312,
해외,311,
장착,311,
업체,311,
베젤,310,
해지,310,
올리,306,
말씀,305,
연락,304,
간단,303,
깔끔,303,
자주,303,
혜택,303,
방금,302,
결론,301,
청구,298,
수리,296,
개선,296,
초기,296,
최적화,295,
버전,295,
물량,295,
판매자,295,
보시,294,
신규,292,
먼저,292,
공유,291,
노트3,291,노트3
결제,290,
와이프,290,
조언,290,
프리,290,
galaxy,289,galaxy
베터리,289,
플러스,289,플러스
귀찮,288,
ㅋㅌㄱㅂ,288,
생기,288,
갤7엣지,286,갤7엣지
아시,284,
ㄹㄱㅂㅇ,283,
체감,283,
유출,282,
양품,282,
무료,281,
걸리,280,
소니,279,
현완,279,
그게,279,
인식,279,
and,278,
유리,278,
케이블,277,
기술,277,
마감,277,
올레,276,
말하,276,
사전,276,
지금까지,276,
samsung,275,
해당,275,
다행,275,
지5,275,지5
작은,275,
나을,274,
or,272,
정상,271,
아버지,271,
수도,271,
페이백,270,
음감,269,
컴퓨터,269,
이것저것,269,
나머지,268,
oid,268,
되지,268,
발표,268,
느리,267,
제외,267,
키보드,267,
플라스틱,267,
계시,266,
조금,266,
ㅅㄴㅂ,266,
전작,266,
iso,265,
해상도,265,
갤6,265,갤6
샤오미,264,
sid1,264,
부담,264,
분명,263,
내장,263,
한국,263,
ㄱㅂㅌㅋㄴ,263,
하드웨어,261,
상단,261,
어떠,261,
ips,261,
센서,260,
라리,260,
가끔,259,
자세,259,
가족,259,
보기,258,
모서리,258,
노트7,258,노트7
지프로2,257,지프로2
예판,257,
옥션,257,
32gb,256,
예쁘,256,
사이즈,256,
두개,256,
일주일,256,
포기,255,
야간,255,
고싶,255,
파일,254,
작년,254,
가면,253,
베가,253,베가
렌즈,252,
개봉,252,
중국,252,
위치,252,
제조사,252,
가능성,252,
웹서핑,252,
이슈,251,
대략,250,
날씨,250,
대신,250,
안들,250,
부모님,250,
링크,249,
어둡,248,
기사,248,
성공,248,
휴포,247,
굉장,246,
진동,246,
보험,246,
보급형,246,
재생,244,
정리,244,
어서,244,
se,244,
올해,244,
기스,243,
노트북,243,
다양,242,
aid,242,
가야,242,
기분,242,
잘못,241,
일부,241,
ㅅㅋ,241,
업그레이드,240,
완납,240,
사람들,240,
당일,240,
온가족,239,
반응,239,
지인,238,
뒷면,237,
전체적,236,
물건,236,
지오,236,
도와,236,
지방,235,
비율,235,
led,235,
서울,235,
좋은거,234,
a5,234,a5
게이,234,
혁신,233,
s5,233,s5
수령,232,
볼륨,231,
쓰기,231,
이르,231,
재고,230,
ㅂㅇ,230,
메인보드,230,
고장,229,
의견,229,
호환,229,
적응,228,
모드,227,
도착,227,
실행,227,
다운,227,
처리,226,
실사용,225,
마케팅,225,
테두리,225,
의미,224,
드립,224,
mid,223,
프리미엄,223,
색감,223,
공식,223,
가볍,223,
주로,223,
삭제,222,
tv,222,
신기,221,
보조배터리,221,
적어,220,
쪽지,220,
pc,220,
화소,219,
후에,219,
외장,219,
작성,218,
알고,218,
초반,218,
왼쪽,218,
절대,218,
갤s7엣지,217,갤s7엣지
너무,217,
본체,217,
평가,217,
flash,217,
죄송,216,
ㄹㅇ,216,
부가서비스,215,
단순,215,
얼마정도,215,
주변,215,
잔상,215,
auto,214,
이런거,214,
실망,213,
취소,213,
하기,213,
다니,212,
이어,212,
wb,212,
어찌,212,
만원,212,
도장,212,
그걸,211,
온라인,211,
가늘,211,
메모리,211,
ev,211,
체험,210,
불안,210,
기프트,209,
중고가,209,
이기,209,
버리,209,
jpg,209,
인증,208,
not,208,
사양,208,
브랜드,207,
달리,207,
오른쪽,207,
답답,207,
행사,205,
입장,205,
기억,205,
효과,205,
오랜만,204,
근처,204,
to,204,
결합,203,
내방,203,
기간,203,
스냅드래곤,203,
지원금,203,
그동안,203,
베시,202,
측면,201,
유튜브,201,
가격대,201,
제발,201,
알바,200,
64g,200,
아서,200,
ㄷㄷㄷ,200,
기본적,200,
안해,200,
미국,199,
사이,198,
갤럭시s6,198,갤럭시s6
느끼,197,
분리,197,
부품,197,
크롬,197,
소프트,195,
음원,195,
가려,195,
대박,194,
작동,194,
막상,194,
잠깐,194,
요새,194,
고려,193,
모습,193,
스마트,193,
실사,193,
소개,192,
품질,192,
가보,192,
완벽,192,
당장,191,
부산,191,
ㅎㅎㅎ,191,
사라,191,
탈착,191,
수정,191,
이득,191,
무난,190,
전문가,190,
동생,190,
특징,189,
사운드,189,
사이트,189,
for,188,
무게,188,
바뀌,187,
fired,187,
스노방,187,
결함,187,
신제품,187,
공짜,186,
of,186,
박스,186,
아침,186,
짜증,186,
lcd,185,
발품,185,
정품,184,
미리,184,
하고,184,
영화,184,
혼자,183,
활용,183,
파손,183,
it,182,
터치감,182,
qhd,181,
새끼,181,
전략,181,
기타,181,
애매,180,
분위기,180,
오디오,180,
티비,179,
분이,179,
며칠,179,
출시일,178,
점점,178,
중간,178,
등록,177,
실패,177,
건가,176,
좋아서,176,
기업,176,
중인,176,
youtube,176,
효도르,176,
후회,176,
셀카,175,
알리,175,
외관,175,
남아,175,
본인,175,
on,174,
프로,174,프로
노트6,174,노트6
라이트,174,
주시,174,
끼우,173,
편이,173,
저조,172,
풀리,172,
불가능,172,
눈팅,172,
헤드폰,171,
대비,171,
쓰레기,171,
투명,171,
이젠,171,
메리트,171,
마찬가지,170,
무상,170,
cj,170,
동안,170,
이래,170,
현대카드,170,
려고,169,
무제한,169,
해드,169,
최소,168,
탈착식,168,
화웨이,168,
경험,168,
조절,167,
시세,167,
수가,167,
불만,167,
일반적,166,
점수,166,
부착,166,
노래,166,
대란,166,
어간,165,
대체,165,
샀다,165,
초기화,165,
동시,165,
취향,164,
갤럭시s8,164,갤럭시s8
상품,164,
노트2,164,노트2
일어,164,
개발,163,
버벅,163,
판단,163,
살수,163,
프렌즈,163,
삼성카드,162,
반납,162,
구성,162,
슈피겐,161,
실적,161,
그런거,161,
뽑기,161,
ㅆㅅㅌㅊ,161,
평소,161,
프로그램,161,
모듈형,161,
저만,160,
나타,160,
s4,160,s4
무부,160,
오류,160,
보정,160,
ssd,160,
사실상,160,
거리,160,
월요일,159,
라오,159,
르그,158,
발견,158,
인정,158,
문제점,157,
with,157,
재질,157,
로고,157,
호구,157,
시도,157,
완성도,156,
고객센터,156,
매달,156,
마시멜로,156,
젤리,156,
저장,156,
언급,156,
몇일,156,
만한,155,
있는거,155,
한손,155,
헬쥐,155,
회선,155,
아무것,155,
재미,155,
소식,155,
저녁,155,
두께,154,
시기,154,
전시,154,
여전,154,
전체,153,
산다,152,
내부,152,
점이,152,
크트,152,
최초,152,
현존,152,
보조금,151,
급하,151,
노이즈,151,
게시판,150,
잠금,150,
초보,149,
메인,149,
팔리,149,
hd,149,
꺼지,149,
표시,149,
형태,149,
젠더,149,
선명,149,
내고,149,
레이,148,
입력,148,
상담,148,
ㄹㄱ,148,
심한,148,
출처,147,
먼지,147,
대기,147,
게다,147,
신청서,147,
시점,147,
인기,147,
개철,146,
저희,146,
in,146,
표인봉,145,
프로모션,145,
당시,145,
사용가능,145,
mwc,145,
팔고,145,
뭔지,144,
달고,144,
펌웨어,144,
고수,144,
라인,144,
스크린,144,
