g5,17823
있,16515
s7,12097
좋다,10989
없,9303
쓰,8830
요,8620
같,8532
다,7897
g6,7295
되,6867
폰,5754
lg,5614
사용,5539
생각,4967
보,4897
나,4892
배터리,4877
많,4464
좀,4300
크,4266
카메라,4236
아니,4050
삼성,3961
이,3954
갤럭시,3702
제,3681
구매,3480
모듈,3473
않,3346
수,3259
가격,3207
갤럭시s7,3185
지금,3172
그,3109
오늘,2767
사진,2731
괜찮다,2724
아이폰,2660
다르,2619
안,2614
기변,2593
고민,2579
요금,2549
디자인,2532
문제,2525
싶,2419
이번,2419
뜨,2399
정도,2380
엘지,2326
갤7,2310
개통,2296
선택,2266
ㅋ,2250
하,2223
화면,2169
기기,2158
르,2143
가능,2140
출시,2095
바,2007
액정,1983
케이스,1980
분,1910
근데,1880
제품,1874
kt,1854
아직,1806
ㅎ,1795
말,1789
s7엣지,1744
안되다,1736
망하다,1724
다시,1708
전,1689
진짜,1684
구입,1682
스마트폰,1676
할인,1655
한,1652
이거,1646
느낌,1644
현재,1543
핸드폰,1542
니,1517
아,1515
vs,1505
갤s7,1503
비교,1500
때,1485
에,1470
글,1463
기능,1440
라,1419
일단,1418
것,1417
v20,1407
http,1403
sk,1396
질문,1392
부분,1388
조건,1376
차이,1376
v10,1372
성능,1370
유격,1357
추천,1354
공시,1346
g4,1337
이상,1337
이제,1314
바꾸,1304
궁금,1278
인터넷,1276
뭐,1270
ㅎㅎ,1245
부탁,1240
기다,1215
충전,1214
약정,1210
게임,1207
노트5,1206
어제,1205
써,1201
휴대폰,1194
필름,1194
사람,1153
보고,1146
확인,1140
s6,1139
중,1130
지,1122
경우,1110
이어폰,1099
저,1092
신청,1088
com,1084
할부,1083
못하,1081
번이,1064
원래,1063
요즘,1054
하네,1051
만족,1034
이벤트,1028
내,1019
얼마,1009
전화,984
불량,978
대리점,972
후,966
지원,959
로,957
이유,951
등,950
드,946
ㅋㅋㅋㅋㅋ,946
이쁘다,945
엄청,939
보이,932
추가,931
출고가,931
사실,925
정보,924
비싸다,924
기대,922
둘,920
하이파이,919
블랙,914
기존,912
후기,911
광각,911
하나,910
비슷,903
기본,897
확실,892
뽐뿌,884
필요,882
모델,874
딱,873
통신사,870
어,866
교체,862
싸게,860
유심,860
해,859
밝기,858
skt,856
참고,855
욕하다,852
발열,850
만,841
이건,839
방수,837
실버,837
살,835
님,831
ap,824
색상,820
예약,804
소리,803
잘,800
냐,797
마음,797
아보,796
무선,796
처음,795
ㅎㅇ,791
어플,790
g2,783
이정,781
참,778
교품,769
개인적,769
고,764
음질,764
동영상,759
번호,751
중고,747
후면,746
아쉽다,743
디스플레이,742
상태,741
기준,740
시간,740
앱,737
불편,735
높,735
다들,727
플랫,727
방법,725
ㅅㄷㄹ,723
카드,722
역시,722
뭔가,721
g3,717
내일,717
빠르다,715
위약금,711
그러,708
ㅋㅋㅋ,707
찍,705
맘,705
눈,702
a,695
밴드,691
이동,689
터치,686
음,686
사은품,685
핑크,680
저렴,680
현아,676
오래,676
신도림,676
지문,676
전면,666
곳,657
제일,651
가입,649
노트,649
안녕,643
디,643
ㅇ,641
센터,638
the,637
s8,636
일체형,633
나올,632
p,631
거,630
크기,628
dc,626
달,626
어가,625
애플,625
유지,624
연결,621
그르,620
왜곡,618
한달,615
검색,609
실제,607
오,606
골드,605
정책,603
나와,603
스펙,602
아무,602
설정,601
강화,600
상황,600
영상,600
이후,595
no,591
답변,591
위,588
낫,588
앞,586
적용,584
ㅅㅋㄱㅂ,583
테스트,579
편하다,578
데이터,577
하시,577
단점,576
장점,576
최신,576
새,575
스크,571
판매,571
예전,568
ㅍㅇㅂ,568
게시물,566
수준,565
현금,563
자체,563
문의,562
사려,557
사,557
일반,556
솔직,554
o,553
e,551
작,549
함,547
아래,543
가,541
메탈,540
아주,540
쓸,539
있을까,538
어보,537
완전,536
데이트,536
탑재,535
싫다,534
다음,533
걱정,533
뒤,531
g,531
저도,531
줄,530
집,526
들,525
매장,525
변경,521
시작,519
https,518
네,517
어느정도,517
음악,515
vr,513
이용,511
국내,510
사서,510
관련,507
볼,507
phone,506
해도,506
해주,503
사면,502
official,501
ㄷ,499
촬영,499
야,494
판매량,494
ㅋㅌㅂㅇ,493
하니,492
넘,492
안하,491
아이폰6s,489
usb,489
친구,489
동일,488
b,487
ㅅㅋㅂㅇ,485
사용자,485
똑같,483
속도,482
그나,482
주,481
하이마트,478
6s,477
회사,476
별로,475
단차,475
안드로이드,474
동네,473
t,470
선약,470
사야,470
s,469
예정,468
사고,466
얘기,466
예,463
거기,463
히,463
돈,462
a7,462
상당,462
교환,460
맞,459
몰레,458
이미,458
공기계,457
lte,456
어쩌,453
이전,453
ㄱㅂ,453
서비스센터,452
스피커,451
리뷰,451
소비자,450
발생,449
점,448
어차,447
쿠폰,445
화질,445
카톡,444
전원,444
하려,444
계신,443
꽤,443
낮,441
보여,441
감사,441
살짝,440
버튼,439
커버,438
공개,438
밖,437
현상,437
최고,436
naver,435
예상,434
비해,433
통화,431
시리즈,431
할원,431
광고,430
안나,429
자동,428
까지,425
난,424
놓,423
어떤가,419
하루,419
심하다,417
신경,417
지나,417
좌표,416
할,416
여기,415
데,415
엣지,414
부팅,414
유저,412
여,410
전부,410
갤럭키,409
용량,408
당연,405
충전기,404
기계,403
어떤,403
강변,402
어렵다,401
이라,399
삼성전자,399
싸,399
관심,399
등등,398
대부분,397
as,396
보통,396
적,395
끝,394
아이폰6,394
dac,393
나쁘다,393
몰,392
갤럭시s7엣지,391
내용,390
길,389
일,387
보호,387
최근,386
결과,386
서비스,386
이야기,386
탄,384
화이트,383
충분,382
모,379
빛샘,379
실물,379
매우,379
가성비,378
잘못하다,377
런,376
하면,376
실,376
도움,375
켜,374
방문,371
해결,370
ㅋㅋㅋㅋ,370
어머니,370
x,369
한번,368
상관,368
안보,367
edge,367
구글,366
이해,366
고객,365
이걸,364
자기,364
진행,364
댓글,363
좆,362
c,361
설치,361
노트4,360
쉽,360
주말,358
제공,358
사기,356
힘,356
대해,356
이러,356
홈버튼,356
누르,355
한데,354
마지막,353
유플러스,352
무조건,352
금액,351
무한,350
문자,349
기종,349
발,348
새롭다,346
플래그쉽,345
고장,345
주문,344
결정,344
나중,344
최대,344
sd,344
할부금,343
주고,343
달라,343
적당,342
쓰시,342
손,342
서,341
배송,341
그립감,341
듀얼,340
걸,340
약,340
정확,339
만약,338
스냅,338
아이폰7,337
32g,336
co,336
ㄷㄷ,335
잘나,335
별,335
단통법,334
대충,334
병신,334
택배,333
임,333
cpu,333
호갱,333
포인트,333
막,332
중요,331
단말기,330
시장,330
포함,330
직원,330
갤8,330
와이파이,329
많은,328
밝,328
고속,328
번인,328
자꾸,328
남,328
캠플러스,327
블루투스,327
은,326
옆,324
늦다,324
방식,324
답,323
귀찮다,323
증상,323
하단,321
nhn,321
소프트웨어,320
mode,320
긴,319
이미지,319
교품증,317
59요금제,316
kr,316
설탕,314
설명,314
네이버,314
부가,314
기분,313
알,313
부족,312
개,312
계산,312
시발,312
장착,311
업체,311
해외,311
원,311
해지,310
베젤,310
차,310
싼,308
올리,306
말씀,305
연락,304
혜택,303
깔끔,303
자주,303
간단,303
방금,302
을,302
갖,302
결론,301
도,301
노,300
시,300
청구,298
예쁘다,298
본,297
기,297
최적화,296
초기,296
개선,296
수리,296
판매자,295
물량,295
플,295
버전,295
보시,294
u,294
먼저,292
공유,292
신규,292
노트3,291
결제,291
와이프,290
터,290
조언,290
프리,290
키,290
베터리,289
플러스,289
ㅋㅌㄱㅂ,289
galaxy,289
굳,289
생기,288
갤7엣지,286
아시,284
ㄹㄱㅂㅇ,284
체감,283
유출,282
양품,282
무료,281
느리다,281
그게,280
인식,280
걸리,280
보기,279
소니,279
현완,279
유리,278
and,278
마감,278
케이블,277
기술,277
올레,276
지금까지,276
해당,276
말하,276
사전,276
지5,276
작은,275
samsung,275
다행,275
나을,274
게,274
변,274
or,272
아버지,271
정상,271
수도,271
면,270
음감,270
페이백,270
으,269
컴퓨터,269
이것저것,269
조금,268
발표,268
나머지,268
oid,268
되지,268
제외,267
키보드,267
연,267
플라스틱,267
ㅅㄴㅂ,267
계시,266
전작,266
iso,265
갤6,265
어둡다,265
해상도,265
sid1,264
부담,264
샤오미,264
한국,264
치,264
ㄱㅂㅌㅋㄴ,263
분명,263
내장,263
혹,262
ips,262
상단,261
총,261
센서,261
어떠,261
하드웨어,261
가끔,260
를,260
라리,260
자세,259
가족,259
모서리,258
노트7,258
너무,257
옥션,257
예판,257
먹,257
지프로2,257
럼,256
일주일,256
32gb,256
사이즈,256
두개,256
포기,255
날씨,255
야간,255
고싶,255
작년,254
파일,254
베가,253
가면,253
웹서핑,253
가능성,252
제조사,252
중국,252
타,252
위치,252
렌즈,252
개봉,252
이슈,251
부모님,250
안들,250
대신,250
대략,250
링크,249
기사,248
성공,248
휴포,247
젤,247
진동,246
보급형,246
보험,246
굉장,246
얇,246
se,245
정리,244
재생,244
올해,244
어서,244
져,243
기스,243
노트북,243
가야,242
aid,242
다양,242
ㅅㅋ,241
일부,241
당일,240
업그레이드,240
n,240
완납,240
사람들,240
산,240
반응,239
온가족,239
지인,238
가볍다,238
쓰기,238
뒷면,237
도와,236
지오,236
물건,236
전체적,236
led,235
비율,235
서울,235
지방,235
게이,234
a5,234
갤,234
s5,233
혁신,233
수령,232
밑,232
호환,231
볼륨,231
램,231
이르,231
두,231
적응,231
ㅂㅇ,230
메인보드,230
재고,230
넓,230
의견,229
쪽,228
도착,227
첨,227
모드,227
실행,227
다운,227
처리,226
실사용,225
마케팅,225
테두리,225
의미,224
드립,224
색감,224
프리미엄,223
주로,223
mid,223
공식,223
외,223
겨,223
tv,222
삭제,222
확,222
보조배터리,221
신기,221
쪽지,220
적어,220
pc,220
후에,219
화소,219
외장,219
알고,218
절대,218
맛,218
왼쪽,218
작성,218
평가,218
초반,218
본체,217
멀,217
하기,217
flash,217
갤s7엣지,217
쳐,216
ㄹㅇ,216
죄송,216
잔상,215
부가서비스,215
단순,215
주변,215
얼마정도,215
이런거,214
auto,214
취소,213
wb,212
이어,212
다니,212
도장,212
만원,212
어찌,212
메모리,211
가늘,211
온라인,211
ev,211
그걸,211
체험,210
사양,210
불안,210
중고가,209
버리,209
이기,209
기프트,209
jpg,209
인증,208
홈,208
흠,208
not,208
답답,207
오른쪽,207
브랜드,207
달리,207
날,207
머,206
행사,205
입장,205
효과,205
기억,205
to,204
근처,204
오랜만,204
스냅드래곤,203
기간,203
결합,203
그동안,203
지원금,203
내방,203
베시,202
제발,201
측면,201
가격대,201
유튜브,201
뽐,200
알바,200
아서,200
안해,200
ㄷㄷㄷ,200
사이,200
64g,200
기본적,200
림,200
짜증,200
미국,199
갤럭시s6,198
무난하다,198
느끼,197
부품,197
분리,197
크롬,197
음원,195
가려,195
소프트,195
작동,194
됨,194
잠깐,194
요새,194
막상,194
대박,194
끼,194
실사,193
스마트,193
고려,193
모습,193
가보,192
품질,192
소개,192
완벽,192
이득,191
사라,191
ㅎㅎㅎ,191
수정,191
탈착,191
부산,191
당장,191
동생,190
전문가,190
사운드,189
팔,189
특징,189
사이트,189
무게,188
for,188
스노방,188
결함,187
fired,187
바뀌,187
신제품,187
of,186
공짜,186
아침,186
박스,186
lcd,185
발품,185
영화,184
정품,184
하고,184
미리,184
혼자,183
파손,183
활용,183
it,182
터치감,182
전략,181
새끼,181
기타,181
qhd,181
오디오,180
분위기,180
애매,180
애,180
티비,179
분이,179
며칠,179
출시일,178
중간,178
번,178
점점,178
영,178
단,178
등록,177
실패,177
youtube,176
기업,176
중인,176
셀카,176
건가,176
후회,176
효도르,176
본인,175
더,175
남아,175
외관,175
알리,175
프로,174
on,174
노트6,174
라이트,174
주시,174
티,174
리,174
편이,173
의,173
끼우,173
갈,172
풀리,172
눈팅,172
합,172
불가능,172
저조,172
놀,172
쓰레기,171
h,171
놈,171
메리트,171
이젠,171
대비,171
투명,171
헤드폰,171
무상,170
cj,170
마찬가지,170
동안,170
이래,170
59,170
현대카드,170
준,170
과,170
무제한,169
려고,169
해드,169
시세,169
잡,169
경험,168
최소,168
탈착식,168
화웨이,168
수가,167
조절,167
불만,167
부착,166
대란,166
노래,166
일반적,166
올,166
점수,166
셔,166
대체,165
동시,165
노트2,165
샀다,165
어간,165
초기화,165
일어,164
취향,164
갤럭시s8,164
상품,164
개발,163
살수,163
ㅆㅅㅌㅊ,163
r,163
구성,163
프렌즈,163
버벅,163
판단,163
급,163
반납,162
삼성카드,162
뽑기,161
평소,161
슈피겐,161
프로그램,161
그런거,161
실적,161
모듈형,161
보정,160
무부,160
사실상,160
저만,160
ssd,160
s4,160
거리,160
나타,160
오류,160
라오,159
월요일,159
인정,158
르그,158
발견,158
쭉,158
with,157
재질,157
문제점,157
로고,157
호구,157
시도,157
매달,156
언급,156
완성도,156
몇일,156
저장,156
마시멜로,156
고객센터,156
젤리,156
만한,155
헬쥐,155
있는거,155
아무것,155
저녁,155
소식,155
재미,155
한손,155
회선,155
시기,154
간,154
두께,154
전시,154
여전,154
m,154
크트,153
전체,153
산다,152
최초,152
내부,152
현존,152
용,152
점이,152
노이즈,151
급하,151
보조금,151
잠금,150
게시판,150
형태,149
젠더,149
팔리,149
꺼지,149
왜,149
초보,149
선명,149
내고,149
표시,149
메인,149
hd,149
닐,149
상담,148
입력,148
ㄹㄱ,148
심한,148
레이,148
인기,147
시점,147
대기,147
신청서,147
게다,147
먼지,147
출처,147
대,147
폭,146
in,146
개철,146
삼,146
저희,146
mwc,145
팔고,145
혀,145
사용가능,145
당시,145
프로모션,145
표인봉,145
달고,144
뭔지,144
펌웨어,144
고수,144
라인,144
입,144
스크린,144
뜸,144
출력,143
아이폰se,143
마치,143
개인,143
곡면,143
플레이,143
약간,143
지역,143
최강,143
경쟁,143
웨이즈,143
화각,142
h3,142
전용,141
심지,141
이번주,141
준비,141
알뜰폰,141
599,141
ui,140
이름,140
아까,140
gpu,140
f1,140
조합,139
오후,139
단자,139
이나,139
발전,138
일시불,138
계획,138
인가,138
제휴,138
풀,138
5s,137
되는거,137
나오기,137
파,137
이리,137
64gb,137
중고나라,137
average,136
정,136
선,136
구하,136
랑,136
금방,136
토요일,136
아가,136
디플,136
hifi,136
환경,135
카페,135
중입,135
조심,135
플래그십,135
개통이,135
미세,135
중이,135
ㅍㅌㅊ,134
열심,134
낼,134
좌우,134
비용,134
구,134
향상,134
짧,134
시크릿,133
뭐하,133
포럼,133
os,133
가지,133
은근,133
구매자,132
이틀,132
없는거,132
여기저기,132
순간,132
html,132
무리,132
할거,132
선호,132
측정,131
모니터,131
퀵차,131
실내,131
밧데리,131
정상인,131
홈페이지,131
놋5,131
변화,131
ㅇㅇ,130
고르,130
불편함,130
오프라인,130
인해,130
올립,130
벤치,130
제목,130
확정기,129
기어vr,129
신세계,129
폰카,129
하드,129
손해,128
다면,128
악세사리,128
물,128
fhd,128
드리,128
홍보,128
ㄹㄱㄱㅂ,128
내구성,128
친절,127
완료,127
무릎,127
뜨겁다,127
최대한,127
확장,127
ps,126
어두,126
노크,126
만지,126
정신,126
도대,126
커서,126
고급,126
다이렉트,126
분실,126
뒷판,125
ㅊ,125
기어,125
해서,125
모두,125
주세,125
마,125
s6엣지,125
백업,125
나아,124
오전,124
특별,124
가게,124
강제,124
ㅅㅂ,124
값,124
교체형,123
넥서스,123
생산,123
aod,123
갤럭시7,123
작업,123
가로,123
하자,123
루머,123
사지,123
편리,122
산지,122
물리,122
엑시노스,122
논란,122
스트레스,122
업글,122
제가,122
최저가,122
아이언2,122
이하,121
불가,121
파워,121
의문,121
금요일,121
대단,120
빛,120
폰팔,120
정상적,120
plus,120
ios,120
확정,120
뛰,119
참여,119
sm,119
건지,119
용도,119
3g,119
ㄴ,119
i,119
덕분,118
장난,118
v,118
보인,118
신형,118
사도,118
안사,118
윈도우,118
첨부,118
온도,117
계속,117
부2,117
심해,117
wav,117
코드,117
제한,117
해피콜,117
설마,116
가치,116
txt,116
계약,116
심각,116
적은,116
옵션,116
신한카드,116
g5사,115
각,115
유용,115
생긴,115
엄청나,115
저번,115
정말,115
쓰지,115
599요금제,115
옮기,115
퀄컴,115
효율,115
어떤걸,115
3d,115
이상이,115
유투브,114
완충,114
깨끗,114
의외,114
요약,114
각각,114
수동,114
4k,114
이랑,114
현,114
별도,114
시스템,114
주머니,114
마우스,114
가기,114
퇴근,114
하는거,113
갤칠,113
누구,113
감안,113
점유율,113
제거,113
크랙,113
초점,113
외부,113
통해,113
저가,113
단가,113
아이,113
계,112
견적,112
먹통,112
당첨,112
베스트샵,112
썬팅,112
부드럽다,112
언제쯤,112
기록,112
도저,112
패스,112
다음주,112
역대급,112
불구,111
가운데,111
한대,111
계약서,111
아이콘,111
히트,111
한거,111
언더,111
환불,110
갤러리,110
2년약정,110
안가,110
공시가,110
존재,110
구경,110
아이패드,110
v30,110
물에,110
클릭,110
종료,110
얘,110
일정,109
7엣지,109
조루,109
폰알못,109
type,109
돌리,109
바르,109
hi,109
에디션,109
그때,109
스팟,109
내면,109
하지,109
그래픽,108
극혐,108
고릴라,108
매번,108
표현,108
스크롤,108
애초,108
한참,108
영향,108
비,108
사람은,108
ㄷㄷㄷㄷㄷ,108
위주,108
죄,108
헤드셋,107
같습,107
fi,107
민감,107
메뉴,107
채택,107
모양,107
평균,107
침수,107
발급,107
릴,107
여행,106
버그,106
자신,106
be,106
하신,106
세,105
스냅820,105
원가절감,105
잡고,105
두껍,105
사업,105
까운,105
안내,105
국민카드,105
실수,105
속,104
무겁다,104
수리비,104
순정,104
하길,104
아탈,104
판매점,104
차지,104
확대,104
옵티머스,104
htc,104
튀,104
35mm,104
부,104
어떤지,104
우,103
ㅅ,103
장단점,103
사장님,103
숫자,103
많이,103
세팅,103
업자,103
납부,103
일반인,102
차이나,102
더하,102
compulsory,102
줌,102
한쪽,102
현실,102
체크,102
알파,102
물론,102
늘,102
머리,102
아이폰5,101
땡기,101
덜,101
상품권,101
직영점,101
기가,101
도색,101
보세,101
자랑,101
화면크기,101
하구,101
프레임,100
시계,100
부럽다,100
엄마,100
음향,100
브라우저,100
세계,100
퍼포먼스,100
급속,100
더이,99
남자,99
자리,99
반,99
팔면,99
떨,99
왜이,99
전에,99
첫번,98
빠진,98
있긴,98
특이,98
조용,98
equiv,98
어려,98
테크노마트,98
잘쓰,98
의심,98
뜻,98
타임,98
사장,98
두가,98
가고,98
반복,98
내년,97
자,97
당하,97
from,97
무이자,97
아이폰5s,97
그립,97
고정,97
자사,97
구동,97
폴더,97
카툭튀,97
원인,97
이너베젤,97
체험단,97
다음달,97
감이,97
그전,96
밤에,96
한계,96
손가락,96
여태,96
지급,96
증정,96
접수,96
news,96
고가,96
인텔,96
저의,96
강조,96
무,96
서브,95
버스,95
연장,95
빨,95
뉴스,95
ram,95
안타깝다,95
ㄱ,95
인하,95
선물,95
기회,94
pro,94
부무,94
대화면,94
하거,94
요청,94
블로그,94
접속,94
타사,94
길이,93
닥,93
보네,93
가격차이,93
보안,93
투투,93
필수,93
개념,93
미치,93
centre,93
뷰3,93
qc,93
관계자,93
다른폰,93
몇달,92
사과,92
말도,92
입금,92
김,92
충격,92
구분,92
주관적,92
평이,92
아깝,91
딴,91
쉬,91
과거,91
핸폰,91
색깔,91
바람,91
엇보,91
회원,91
ㅅㅌㅊ,91
비디오,91
cat,91
마시,91
탈착형,91
스냅821,91
대상,91
저번주,91
얼른,91
열,90
스타일,90
발송,90
배경,90
엑스페리아,90
기어s2,90
불법,90
weighted,90
한가지,90
색,90
들이,90
어떤거,90
특정,90
그정,89
거래,89
위아래,89
미개봉,89
자료,89
ㄲㄷㅂ,89
채,89
훌륭,89
방수기능,89
탈,89
적자,89
편의성,89
광탈,89
예약판매,89
s7플랫,88
태블릿,88
반대,88
튼튼,88
net,88
산거,88
힘들다,88
가개통,88
익숙,88
사자,88
보드,88
흰색,88
이때,88
반면,87
하도,87
띄,87
나오는거,87
ㅂ,87
감사하겠습,87
보자,87
일본,87
진심,87
당황,87
날짜,87
쥐,87
결국,87
사신,87
앙,87
세컨드,87
소모,87
제꺼,87
소문,87
공급,87
보상,87
잘모르,87
운,87
여자,87
구조,86
드릴,86
지난주,86
이번달,86
바탕,86
인,86
보신,86
무지,86
증가,86
구형,86
관계,86
하단부,86
방향,86
안심,86
유모,86
한번씩,86
리시버,86
내야,86
자연,86
끼리,85
높이,85
f2,85
q,85
당,85
강하,85
s7사,85
같은거,85
원본,85
혁신적,85
dslr,85
전환,85
엘쥐,85
상,85
스트리밍,85
제작,85
형,85
대전,84
아임백,84
af,84
우레탄,84
귀,84
무시,84
허리,84
싸구려,84
구매가,84
옛날,84
분석,84
요번,84
자동차,84
전문,84
통신비,84
디바이스,84
수명,84
깨지,84
조작,84
못,84
단단,84
초,84
d,83
편한,83
하세,83
디지털,83
방진,83
업뎃,83
이내,83
부가세,83
상하,83
패턴,83
멀쩡,82
노력,82
음성,82
발매,82
매력,82
감상,82
내리,82
마침,82
이고,82
고생,82
패널,82
돌,82
꼽,82
iphone,82
케,82
a8,82
측후,82
진,82
lgu,82
s3,82
세대,82
미러리스,82
만나,81
페이지,81
쌩폰,81
무섭,81
엣지부분,81
그만큼,81
목적,81
조만,81
개취,81
조금씩,81
i5,81
가정,81
휘,81
생길,81
부문,80
들어있,80
슼,80
동급,80
대구,80
지프,80
블루,80
개발자,80
상승,80
유명,80
식,80
주소,80
갠,80
평타,80
아쉬움,80
까이,80
하루종일,80
정작,80
있습,79
20대,79
조준호,79
타입,79
맞고,79
겁,79
사항,79
기술력,79
운영,79
타이밍,79
갤럭시노트5,79
해제,79
차이점,79
시원,79
맨날,79
글래스,79
첫날,79
화면켜짐,79
normal,79
마이크로,79
아닌거,78
난리,78
mc,78
린다,78
후반,78
요소,78
가까이,78
어짜피,78
마이크,78
각종,78
결과물,78
s2,78
큰거,78
다운로드,78
기본기,78
설계,78
이왕,78
카,78
인봉,78
테,78
클럽,78
듯하,78
교품하,77
뭘,77
졸업,77
맛폰,77
등에,77
길어,77
색이,77
gps,77
질,77
j7,77
드러,77
순,77
셔터,76
통신,76
갤3,76
4gb,76
아이디어,76
패드,76
통화품질,76
편,76
지적,76
징,76
연락처,76
오프,76
전력소모,76
적립,76
그저,76
톤플러스,76
추후,76
짜리,76
간만,76
주의,75
하나씩,75
형님,75
나면,75
가량,75
이에,75
명의,75
유선,75
패키지,75
세로,75
자유,75
째,75
매력적,75
최종,75
노트4s,75
상대적,75
선보,75
한방,75
아프,75
얼굴,75
되기,75
복잡,75
링,75
팁,75
공기기,74
20,74
금속,74
사후지원,74
목소리,74
상대방,74
ㄷㄷㄷㄷ,74
조정,74
장난감,74
우려,74
시대,74
특유,74
손이,74
껴,74
지랄,74
풍경,74
유일,74
칭찬,73
끌리다,73
구라베젤,73
아이폰4,73
역대,73
이놈,73
블투,73
모듈식,73
잡음,73
오징어,73
글로벌,73
업계,73
사용량,73
지난해,73
베티,73
조,73
신한,73
30대,73
노예,73
11번가,73
말로,72
생활,72
갑,72
사는거,72
임직원,72
daum,72
노리,72
그만,72
사시,72
놀랍,72
징징,72
떼,72
ㄲㅂㄷ,72
프로세서,72
쇼핑몰,72
우측,72
최선,72
사이드,71
보지,71
오픈,71
하이엔드,71
힐링쉴드,71
방탄,71
아끼,71
명기,71
짐,71
최악,71
중복,71
페이,71
s9,71
hbs,71
매일,71
별차이,71
아이언,71
미디어,71
한동안,71
목표,71
미,71
전역,71
차량,71
최저,71
연동,70
당분간,70
배트맨,70
잇,70
집중,70
절반,70
흐리,70
광각렌즈,70
멀티,70
도입,70
펜,70
거의,70
연속,70
이부,70
갤s6,70
꽂,70
지마켓,70
여친,70
단말,70
감,70
확률,70
실사용자,70
정식,70
sns,70
에이,70
추,70
누,69
하락,69
등이,69
양쪽,69
세상,69
본사,69
다른거,69
명함,69
리퍼,69
hdr,69
지점,69
바닥,69
비하,69
더니,69
구해,69
사라지,69
과정,69
다음날,69
출고,69
컨셉,69
새벽,69
철회,69
공장,69
탭,69
노출,69
착탈식,68
전산,68
ㅈ,68
싼거,68
조회,68
야외,68
입고,68
추측,68
퀄리티,68
겠,68
공간,68
봄,68
폰바꾸,68
치명적,68
만족도,68
탄핵,68
통한,68
상향,67
일요일,67
갤4,67
현장,67
요구,67
죽,67
전반적,67
집앞,67
퀵,67
보다보,67
슬롯,67
아오,67
목록,67
flac,67
누가,66
불,66
uhd,66
호평,66
캡쳐,66
조립,66
한재,66
한장,66
고음질,66
버벅거,66
미만,66
베,66
안전,66
헬로모바,66
바디,66
아마,66
쓰로틀링,66
녹음,65
픽셀,65
폰사,65
공초,65
검은색,65
호불호,65
약정기간,65
오줌,65
시절,65
소감,65
벤치마크,65
그래픽카드,65
느낀점,65
ㅌㅋㄴ,65
구리,65
디카,65
위의,65
대응,65
꾸준,65
베가아이언2,65
종류,65
레노버,65
참조,65
호갱이,65
어마어마,65
제조,65
원가,65
반품,65
신분증,65
주요,64
주제,64
쿼드,64
테마,64
공부,64
대만족,64
하반기,64
수원,64
다소,64
희,64
유지비,64
여름,64
헐,64
똥,64
맥스,64
넥서스5x,64
구경하,64
쓸모,64
기울,64
한편,64
매월,64
게시,63
그럼,63
우리,63
등급,63
자가,63
정가,63
외국,63
작고,63
등장,63
친,63
ㅈㄱ,63
play,63
편인,63
의무,63
미니,63
떨어트,63
구현,63
사용시간,63
수백,63
50,63
착용,63
구멍,63
고사양,63
수채화,63
밀어,63
진리,63
여러모,63
전달,62
컴터,62
인지,62
서류,62
옆면,62
l,62
갤오광,62
사업부,62
같긴,62
번들이어폰,62
저기,62
관리,62
freeboard,62
알람,62
못생기,62
그림,62
여자친구,62
부가2,62
두꺼,62
이상은,62
짱,62
후속,62
렉,62
쾌적,62
팝업,62
슬림,62
가깝,62
차별화,62
예구,62
디자인과,61
do,61
조기,61
안쪽,61
멜론,61
반영,61
싱글,61
가도,61
지면,61
4g,61
투자,61
갤s8,61
쫌,61
해주시,61
전면부,61
드라이버,61
종특,61
순서,61
심,61
지삼냥,61
안정적,61
케티,61
출발,61
사랑,60
짓,60
될거,60
리베이트,60
지장,60
이중,60
컬러,60
음량,60
미지원,60
전까지,60
ㄹ,60
신규가입,60
셈,60
어떤분,60
바쁘,60
신용카드,60
지불,60
넘사벽,60
싹,60
한시,59
다름,59
칩셋,59
네트워크,59
캠,59
보임,59
단지,59
g5나,59
추가적,59
스맛폰,59
주위,59
대세,59
장사,59
북미,59
주변기기,59
수치,59
비싼거,59
쓸데없,59
레이저,59
오고,59
오지,59
패치,59
유독,59
전송,58
함정,58
보조,58
나온거,58
차단,58
롯데,58
알루미늄,58
화면도,58
114,58
금제,58
이쪽,58
롯데카드,58
하라,58
상담원,58
체험존,58
그라데이션,58
커브,58
순위,58
디지털프라자,58
피해,58
어떨지,58
시세가,58
예민,57
한글,57
약하,57
앞면,57
플리커,57
중반,57
접근,57
갈수,57
성격,57
펌업,57
통신요금,57
지난번,57
디테일,57
처분,57
상반기,57
월,57
좁,57
우체국,57
전자,57
흥행,57
오타,57
판,57
제시,57
분해,57
아재,56
음악감상,56
카드사,56
실험,56
모아,56
장,56
여부,56
계산기,56
사진과,56
5x,56
ㅎㄷㄷ,56
5,56
그간,56
굴곡,56
note,56
매장이,56
멋지,56
51요금제,56
by,56
주면,56
삼페,56
운영체제,56
세개,56
종이,56
우수,56
법,56
플레이어,56
특화,56
이지,56
부1,55
공정,55
내주,55
결론적,55
실시간,55
메일,55
지갑,55
지투,55
어떨까,55
평범,55
진입,55
마무리,55
스티커,55
케이티,55
인거,55
운지,55
상단부,55
각도,55
책정,55
테크,55
노무,55
오르,55
남기,55
직접,55
9요금제,55
g530,55
커뮤니티,55
자전거,54
아래쪽,54
조리개,54
가방,54
보장,54
제기,54
평,54
포트,54
못가,54
정면,54
전력,54
아빠,54
a3,54
나이,54
로딩,54
우위,54
어머님,54
압도적,54
정지,54
갤럭시s5,54
창,54
둘째,54
상세,54
cat6,53
교품받,53
우리나라,53
듣기,53
한가,53
예의,53
검사,53
갤5,53
nfc,53
굿,53
현명,53
추정,53
종종,53
보도,53
사무실,53
이동하,53
담,53
삼엽충,53
거치대,53
팬택,53
업,53
업무,53
겔럭시,53
이외,53
ois,53
양호,52
보유,52
핑크색,52
압승,52
가죽,52
29요금제,52
표준,52
신고,52
복지,52
국민,52
아참,52
스크래치,52
행복,52
제법,52
박살,52
직구,52
능,52
극,52
갤노트5,52
예를들,52
쿼드비트3,52
가장,52
쨍하,52
k,52
이면,52
6개월유,52
둥글,52
일이,52
이런걸,51
확보,51
슈퍼,51
밴드59,51
display,51
무려,51
뭘까,51
이점,51
두운,51
갤럭시s4,51
인터페이스,51
문득,51
밤,51
누나,51
시청,51
된거,51
안테나,51
mp3,51
마이너스,51
스토어,51
드라마,51
한마디,51
시연,51
객관적,51
지우,51
페북,51
스냅835,51
위젯,51
씹,51
판매가,51
월드,51
always,51
자동이체,51
현대,51
입문,51
로즈골드,50
즐거운,50
간섭,50
질러,50
쓰는거,50
씨,50
짱깨,50
심심,50
진정,50
품절,50
클래식,50
달린,50
영업,50
적절,50
실구매가,50
타자,50
렌더링,50
영역,50
전후,50
부가2개,50
검,50
말입,50
난감,50
주기,50
쿼드비트,49
직전,49
향후,49
축소,49
반값,49
번거,49
분도,49
한명,49
옴,49
일하,49
발목,49
못느끼,49
물이,49
언팩,49
파악,49
청음,49
중순,49
틈,49
크트번,49
이대,49
떰,49
휴대성,49
였는데,49
거울,49
구라,49
추노,49
껄,49
인천,49
근접,49
곡선,49
지하철,49
네비,49
ㅌㅋㄴㅁㅌ,49
삼성꺼,49
조명,49
기다리기,49
ios7,49
움직임,49
채용,49
이루,49
원금,49
간혹,48
비교적,48
camera,48
액티브,48
유,48
손님,48
출근,48
주장,48
호환성,48
이가,48
누렇,48
강력,48
저가형,48
갈리,48
지6,48
알지,48
점심,48
녀,48
어떡,48
용어,48
다운그레이드,48
단어,48
둘이,48
적정,48
겜,48
주간,48
배터리용,48
담주,48
팩트,48
별다르,47
특성상,47
은색,47
주목,47
내장형,47
어색,47
흥미,47
내일부,47
안주,47
어이없,47
엑시,47
추가지원,47
dap,47
한정,47
다른,47
미안,47
kb,47
주력,47
팩,47
골,47
있긴한데,47
들림,47
탓,47
짜,47
모바일,47
안와,47
스타,47
황당,47
구사,47
위해,47
간략,47
전월,47
능력,46
통수,46
포장,46
배송비,46
조금더,46
였습니,46
갤세븐,46
찬양,46
빠릿빠릿,46
정해,46
크리스탈,46
동작,46
벽돌,46
마크,46
스카이,46
내외,46
차기작,46
말리,46
신박,46
관한,46
중앙,46
메세지,46
딜,46
불리,46
광주,46
대용량,46
기능인,46
엣지7,46
와중,46
뱅앤올룹슨,46
보단,46
선택지,45
녀석,45
중심,45
소재,45
이용자,45
오토,45
카카오톡,45
수요일,45
홈키,45
phonearena,45
이자,45
습,45
뜬금없,45
스페인,45
이런경우,45
활성화,45
대로,45
g6사,45
초성,45
벚꽃,45
메시지,45
쉴드,45
즉시,45
투표,45
아내,45
어쩌다,45
지도,45
sid2,45
흑,45
글자,45
할부이,45
나지,45
못받,45
간지,45
이것이,45
왠만하,45
월요,45
j5,45
소,45
스스로,44
고화질,44
핑골,44
떨어짐,44
전화기,44
깜빡,44
짝,44
4s,44
형성,44
합리적,44
전화번호,44
방통,44
상대,44
베스트,44
좌측,44
관건,44
유사,44
표,44
플래티넘,44
위쪽,44
샘숭,44
형식,44
본적,44
화요일,44
59요금,43
제값,43
면제,43
휴대,43
끌,43
활동,43
활용도,43
신뢰,43
한게,43
ㅃㅅ,43
여서,43
신나,43
상상,43
점검,43
귀에,43
역할,43
이새끼,43
서핑,43
같긴한데,43
실질적,43
대폭,43
대안,43
슬프,43
갤럭시s,43
준수,43
싶습,43
도전,43
진지,43
쓰던폰,43
본거,43
두배,43
별거,43
y,43
장만,43
양해,42
보아,42
삼성서비스,42
갤탭,42
오버,42
6p,42
탈부착,42
feat,42
공지,42
ls2d,42
코,42
폰아,42
ip68,42
위험,42
타려,42
인터넷을,42
나음,42
전국,42
비추,42
근대,42
기대감,42
미래,42
신선,42
화,42
제대,42
위약,42
뭐가,42
플래그,42
이런것,42
보급,42
아마존,42
ㅂㄷ,42
오기,41
겉,41
통,41
전화로,41
갈등,41
갓,41
올림,41
웃기,41
선방,41
앞뒤,41
주지,41
대다수,41
g7,41
중저가,41
접,41
감성,41
확연,41
문,41
엊그제,41
s7edge,41
소비,41
어온,41
오늘자,41
제로,41
효도,41
그중,41
어본,41
욜,41
왠만한,41
허허,41
보완,41
언플,41
업로드,41
어이,40
z,40
없을거,40
기반,40
매니아,40
지속적,40
있을거,40
아쉬운점,40
바보,40
g5보,40
거지,40
지극,40
엉,40
ㅇㅈ,40
뻔하,40
온,40
오라,40
다되,40
이구,40
언제,40
취급,40
고로,40
대략적,40
삽질,40
기념,40
멀리,40
고성능,40
응원,40
어울,40
진동수,40
선명도,40
매년,40
잘되다,40
각자,40
쏙,39
주네,39
경기,39
소소,39
비롯,39
g50,39
조치,39
그자,39
며,39
묶,39
승부,39
ㅋㅌ,39
경쟁력,39
쌈,39
답인,39
이익,39
특성,39
늘리,39
한곳,39
에러,39
현제,39
동료,39
갤2,39
찍기,39
무튼,39
차기,39
그제,39
에휴,39
도중,39
개씹,39
부가1,39
안정성,39
배터리교체,39
넉넉,39
자잘,39
자고,39
금일,38
s7엣,38
고맙,38
스피드,38
당한,38
오니,38
재,38
칠,38
최소한,38
개판,38
금,38
집에와,38
사보,38
가자,38
재밌,38
g5중,38
겠네,38
차감,38
착한,38
방지,38
가라,38
하러,38
꿈,37
웬만,37
한해,37
꼴,37
맛탱이,37
안함,37
근래,37
개이,37
선에,37
계실,37
그이,37
다르지,37
점심시간,37
지난달,37
범위,37
관해,37
한군데,37
tistory,37
우선,37
부탁드리겠습,37
신경쓰다,37
감탄,37
슨,37
무단,37
또,37
거진,37
ㅎㅎㅎㅎ,36
이런가,36
멍청,36
솔,36
더럽,36
은은,36
허접,36
책상,36
인생,36
불쌍,36
여유,36
못사,36
눈치,36
교품해,36
글보,36
내가,36
대답,36
간간,35
울,35
나간,35
잘몰,35
쯤,35
구입시,35
만하,35
ㅆㅅㅌ,35
큰맘,35
할꺼,35
가시,35
끈,35
기도,34
보더,34
찜찜,34
과감,34
요금제도,34
별론,34
안받,34
생김,34
